[
    {
        "Gears": [
            {
                "x": -181.07299999999998,
                "y": 165.28700000000003,
                "size": {
                    "height": 40,
                    "width": 40
                }
            },
            {
                "x": -237.603,
                "y": 225.855,
                "size": {
                    "height": 100,
                    "width": 100
                }
            },
            {
                "x": -215.395,
                "y": 110.776,
                "size": {
                    "height": 60,
                    "width": 60
                }
            },
            {
                "x": -181.073,
                "y": -153.704,
                "size": {
                    "height": 40,
                    "width": 40
                }
            },
            {
                "x": -239.622,
                "y": -214.271,
                "size": {
                    "height": 40,
                    "width": 40
                }
            },
            {
                "x": -233.565,
                "y": -97.173,
                "size": {
                    "height": 40,
                    "width": 40
                }
            },
            {
                "x": 194.447,
                "y": 165.287,
                "size": {
                    "height": 40,
                    "width": 40
                }
            },
            {
                "x": 240.882,
                "y": 235.949,
                "size": {
                    "height": 40,
                    "width": 40
                }
            },
            {
                "x": 250.977,
                "y": 116.833,
                "size": {
                    "height": 60,
                    "width": 60
                }
            },
            {
                "x": 222.712,
                "y": -105.249,
                "size": {
                    "height": 40,
                    "width": 40
                }
            },
            {
                "x": 184.353,
                "y": -153.703,
                "size": {
                    "height": 50,
                    "width": 50
                }
            },
            {
                "x": 224.731,
                "y": -232.441,
                "size": {
                    "height": 60,
                    "width": 60
                }
            }
        ],
        "TransparentGears": [
            {
                "x": -174.925,
                "y": 15.287,
                "size": {
                    "height": 50,
                    "width": 50
                }
            },
            {
                "x": -84.073,
                "y": 205.066,
                "size": {
                    "height": 50,
                    "width": 50
                }
            },
            {
                "x": 170.312,
                "y": -8.94,
                "size": {
                    "height": 60,
                    "width": 60
                }
            },
            {
                "x": 43.119,
                "y": 3.173,
                "size": {
                    "height": 60,
                    "width": 60
                }
            },
            
            {
                "x": 55.233,
                "y": 229.293,
                "size": {
                    "height": 80,
                    "width": 80
                }
            },
            {
                "x": -84.073,
                "y": 106.139,
                "size": {
                    "height": 80,
                    "width": 80
                }
            }
        ]
    }
]