[
    {
        "imageBackground": [
            {
                "x": -6.56,
                "y": 61.229,
                "height": 30,
                "width": 30
            },
            {
                "x": -63.415,
                "y": 21.868,
                "height": 30,
                "width": 30
            },
            {
                "x": 52.482,
                "y": 21.868,
                "height": 30,
                "width": 30
            },
            {
                "x": -63.415,
                "y": -28.427,
                "height": 30,
                "width": 30
            },
            {
                "x": 50.295,
                "y": -28.427,
                "height": 30,
                "width": 30
            },
            {
                "x": -6.56,
                "y": -69.975,
                "height": 30,
                "width": 30
            },
            {
                "x": -6.56,
                "y": 17.494,
                "height": 30,
                "width": 30
            },
            {
                "x": -6.56,
                "y": -26.24,
                "height": 30,
                "width": 30
            },
            {
                "x": 52.482,
                "y": -72.161,
                "height": 30,
                "width": 30
            },
            {
                "x": -63.415,
                "y": -72.161,
                "height": 30,
                "width": 30
            }
        ],
        "imageClone": [
            {
                "x": -6.560000000000002,
                "y": 61.22900000000004,
                "height": 30,
                "width": 30
            },
            {
                "x": -63.41500000000002,
                "y": 21.868000000000052,
                "height": 30,
                "width": 30
            },
            {
                "x": 52.48199999999997,
                "y": 21.868000000000052,
                "height": 30,
                "width": 30
            },
            {
                "x": -63.41500000000002,
                "y": -28.42700000000002,
                "height": 30,
                "width": 30
            },
            {
                "x": 50.29499999999996,
                "y": -28.42700000000002,
                "height": 30,
                "width": 30
            },
            {
                "x": -6.560000000000002,
                "y": -69.97500000000002,
                "height": 30,
                "width": 30
            },
            {
                "x": -6.56,
                "y": 15.308,
                "height": 30,
                "width": 30
            },
            {
                "x": -6.56,
                "y": -28.427,
                "height": 30,
                "width": 30
            },
            {
                "x": 52.482,
                "y": -69.975,
                "height": 30,
                "width": 30
            },
            {
                "x": -63.415,
                "y": -69.975,
                "height": 30,
                "width": 30
            }
        ]
    }
]