[   
    
    {
        "obj": {
            "x": -318.842,
            "y": 0,
            "z": 0
        },
        "isFixed": true,
        "itemType": 3,
        "angle": 45
    },
    {
        "obj": {
            "x": -147.876,
            "y": 0,
            "z": 0
        },
        "isFixed": false,
        "itemType": 1,
        "angle": 90
    },
    {
        "obj": {
            "x": 54.693,
            "y": 0,
            "z": 0
        },
        "isFixed": false,
        "itemType": 1,
        "angle": 90
    },
    {
        "obj": {
            "x": 257.263,
            "y": 0,
            "z": 0
        },
        "isFixed": false,
        "itemType": 1,
        "angle": 90
    },
    {
        "obj": {
            "x": 424.824,
            "y": 0,
            "z": 0
        },
        "isFixed": true,
        "itemType": 4,
        "angle": 45
    }
]